0.5 0.5;0 0
ad_content/ad1x1;D1X1
ad_content/ad2x1;D2X1
ad_content/ad4x1;D4X1
ad_content/ad8x1;D8X1
ad_content/adbrightglow;DBRGHTGLW
ad_content/adbrightoverlay;DBRGHTVRLY
ad_content/adposter;DPSTR
base_button/shootme_glow;BLCK
base_ceiling/metceil1d;MTCL1D
base_door/c_ggrate8_b;C_GGRT8_B
base_door/kcdm18door_bot;KCDM18DR_BT
base_door/kcdm18door_top;KCDM18DR_TP
base_door/kcdm18talldoormetal;KCDM18TLLDRMTL
base_door/kcdm18talldoormetal_top;KCDM18TLLDRMTL_
base_door/kcdm18talldoorpatch10bottom;KCDM18TLLDRPTCH
base_door/kcdm18talldoorpatch10top;KCDM18TLLDRMTL
base_door/quake3sign;QK3SGN
base_door/quake3sign_outside;QK3SGN_TSD
base_door/shinymetaldoor;SHNYMTLDR
base_door/shinymetaldoor_outside;SHNYMTLDR_TSD
base_door/shinymetaldoor_outside3a2;SHNYMTLDR_TSD32
base_door/shinymetaldoor_outside3glow;SHNYMTLDR_TSD32
base_door/xdm2_archsupport_sidea_fin;XDM2_RCHSPPRT_S
base_door/xdm2_left_e4fin;XDM2_LFT_4FN
base_door/xdm2_left_e7fin;XDM2_LFT_7FN
base_door/xdm2_right_e7fin;XDM2_RGHT_7FN
base_floor/achtung_clang;CHTNG_CLNG
base_floor/clang_floor;CLNG_FLR
base_floor/clang_floor_ow2;CLNG_FLR_W2
base_floor/clang_floor2;CLNG_FLR2
base_floor/clang_floor3b;CLANG_FLR3B
base_floor/clang_floor3blava;CLNG_FLR3BLV
base_floor/clang_floor3bstairtop;CLNG_FLR3BSTRTP
base_floor/clang_floor3bstairtop2;CLNG_FLR3BSTRTP
base_floor/clangdark;CLNGDRK
base_floor/clangdark_ow;CLNGDRK_W
base_floor/clangdark_ow2;CLNGDRK_W2
base_floor/clangdarkspot;CLNGDRKSPT
base_floor/clanggrate;CLNGGRT
base_floor/clanggrate2;CLNGGRT2
base_floor/clangspot2;CLNGSPT2
base_floor/concrete;CNCRT
base_floor/concretefloor1;CNCRTFLR1
base_floor/cybergrate2;CYBRGRT2
base_floor/cybergrate3;CYBRGRT3
base_floor/diamond2;DMND2
base_floor/diamond2c;DMND2C
base_floor/diamond2c_ow;DMND2C_W
base_floor/diamond2cspot;DMND2CSPT
base_floor/dirt;DRTY
base_floor/floor3_3dark;FLR3_3DRK
base_floor/floor3_3dark_ow;FLR3_3DRK_W
base_floor/hfloor3;HFLR3
base_floor/manhole;MNHL
base_floor/metalbridge04d;MTLBRDG04D
base_floor/metalbridge04dbroke;MTLBRDG04DBRK
base_floor/metalbridge04dbroke2;MTLBRDG04DBRK2
base_floor/metalbridge06;MTLBRDG06
base_floor/metaltechfloor01final;MTLTCHFLR01FNL
base_floor/metfloor1;MTFLR1
base_floor/pjgrate1;PJGRT1
base_floor/pjgrate2;PJGRT2
base_floor/proto_grate;PRT_GRT
base_floor/proto_grate3;PRT_GRT3
base_floor/proto_grate4;PRT_GRT4
base_floor/proto_grill;PRT_GRLL
base_floor/proto_rustygrate;PRT_RSTYGRT
base_floor/proto_rustygrate2;PRT_RSTYGRT2
base_floor/rusty_pentagrate;RSTY_PNTGRT
base_floor/skylight_spec;SKYLGHT_SPC
base_floor/skylight1;SKYLGHT1
base_floor/skylight1_lm;SKYLGHT1
base_floor/smallstone;SMLLSTN
base_floor/techfloor;TCHFLR
base_floor/techfloor2;TCHFLR2
base_floor/tilefloor7;TLFLR7
base_floor/tilefloor7_ow;TLFLR7_W
base_floor/tilefloor7_owfx;TLFLR7_W
base_light/baslt4_1;BSLT4_1
base_light/baslt4_1.blend;BSLT4_1.BLND
base_light/border11light;BRDR11LGHT
base_light/border11light.blend;BRDR11LGHT
base_light/border7_ceil;BRDR7_CL50
base_light/border7_ceil50;BRDR7_CL50
base_light/border7_ceil50glow;BRDR7_CL50
base_light/ceil1_22a;CL1_22
base_light/ceil1_22a.blend;CL1_22
base_light/ceil1_30;CL1_30
base_light/ceil1_30.blend;CL1_30
base_light/ceil1_34;CL1_34
base_light/ceil1_34.blend;CL1_34
base_light/ceil1_37;CL1_37
base_light/ceil1_37.blend;CL1_37
base_light/ceil1_38;CL1_38
base_light/ceil1_38.blend;CL1_38
base_light/ceil1_39;CL1_39
base_light/ceil1_39.blend;CL1_39
base_light/ceil1_4;CL1_4
base_light/ceil1_4.blend;CL1_4
base_light/cornerlight;CRNRLGHT
base_light/cornerlight.glow;CRNRLGHT.GLW
base_light/geolight;GLGHT
base_light/geolight_glow;GLGHT
base_light/jaildr03_1;JLDR1_3
base_light/jaildr03_2;JLDR03_2
base_light/jaildr03_2.blend;JLDR1_3.BLND
base_light/jaildr1_3;JLDR1_3
base_light/jaildr1_3.blend;JLDR03_2.BLND
base_light/light1;LGHT1
base_light/light1.blend;LGHT1.BLND
base_light/light1blue;LGHT1BL
base_light/light1blue.blend;LGHT1BL.BLND
base_light/light1red;LGHT1RD
base_light/light1red.blend;LGHT1RD
base_light/light2;LGHT2
base_light/light2.blend;LGHT2
base_light/light5;LGHT5
base_light/patch10_pj_lite;PTCH10_PJ_LT
base_light/patch10_pj_lite.blend;PTCH10_PJ_LT.BL
base_light/patch10_pj_lite2;PTCH10_PJ_LT2
base_light/patch10_pj_lite2.blend;PTCH10_PJ_LT2.B
base_light/proto_light;PRT_LGHT
base_light/proto_light2;PRT_LGHT
base_light/proto_lightmap;PRT_LGHT
base_light/proto_lightred;PRT_LGHT
base_light/runway;RNWY
base_light/runway_glow;RNWY
base_light/runwayb;RNWY
base_light/s_proto_light;PRT_LGHT
base_light/scrolllight;SCRLLLGHT
base_light/scrolllight2;SCRLLLGHT
base_light/trianglelight;TRNGLLGHT
base_light/trianglelight.blend;TRNGLLGHT
base_light/wsupprt1_12;WSPPRT1_12
base_light/wsupprt1_12.blend;WSPPRT1_12.BLND
base_light/xceil1_39_90k;CL1_22
base_light/xlight5;XLGHT5
base_light/xlight5.blend;XLGHT5
base_object/boxQ3_3;BXQ3_3
base_object/boxQ3_3b;BXQ3_3B
base_object/boxq3_4;BXQ3_4
base_object/boxQ3_4b;BXQ3_4B
base_support/basic1_1;BSC1_1
base_support/cable;CBL
base_support/cable_trans;CBL_TRNS
base_support/flat1_1;BLCK
base_support/grate1_3;GRT1_3
base_support/grate1_4;GRT1_4
base_support/grate1_4_small;GRT1_4_SMLL
base_support/grate2_7_small;GRT2_7_SMLL
base_support/metal1_1;MTL1_1
base_support/metal14_1;MTL14_1
base_support/metal3_3;MTL3_3
base_support/pip03_2;PP03_2
base_support/pip03_3;PP03_3
base_support/pipecolumn4;PPCLMN4
base_support/plate2_5;PLT2_5
base_support/support1_1;SPPRT1_1
base_support/support1rust;SPPRT1RST
base_support/support1shiny;SPPRT1SHNY
base_support/surface2;SRFC2
base_support/vert_pipe1;VRT_PP1
base_support/wplat1_1;WPLT1_1
base_support/x_support;X_SPPRT
base_support/x_support2;X_SPPRT2
base_support/x_support3;X_SPPRT3
base_support/z_support;Z_SPPRT
base_trim/basemetalsupport;BSMTLSPPRT
base_trim/border11;BRDR11
base_trim/border11b;BRDR11B
base_trim/border11c;BRDR11C
base_trim/border11c_light;BRDR11LGHT
base_trim/border11c_pulse1b;BRDR11C
base_trim/border11light;BRDR11LGHT
base_trim/border11light.glow;BRDR11LGHT
base_trim/border12;BRDR12
base_trim/border12b;BRDR12B
base_trim/border12bfx;BRDR12B
base_trim/bridgesupport1e_fin;BRDGSPPRT1_FN
base_trim/bridgesupport1j_fin;BRDGSPPRT1J_FN
base_trim/chrome_border;CHRM_BRDR
base_trim/dark_tin2;DRK_TN2
base_trim/deeprust;DPRST
base_trim/dirty_pewter;DRTY_PWTR
base_trim/dirty_pewter_big;DRTY_PWTR_BG
base_trim/greenoct28;GRNCT28
base_trim/holemech01_h;HLMCH01_H
base_trim/melty_pewter;MLTY_PWTR
base_trim/metal2_2;MTL2_2
base_trim/panel_edged;PNL_DGD
base_trim/panel_glo;PNL_GL
base_trim/panel_shiny;PNL_SHNY
base_trim/panel01;PNL01
base_trim/panel02;PNL02
base_trim/panel03;PNL03
base_trim/panelbrn010w;PNLBRN010W
base_trim/panelbrn01scr;PNLBRN01SCR
base_trim/pewter;PWTR
base_trim/pewter_shiney;PWTR_SHNY
base_trim/pewter_spec;PWTR_SPC
base_trim/pewterstep;PWTRSTP
base_trim/proto_comp;PRT_CMP
base_trim/proto_comp2;PRT_CMP2
base_trim/proto_fence;PRT_FNC
base_trim/rusty_pewter_big;RSTY_PWTR_BG
base_trim/slots1_1;SLTS1_1
base_trim/spiderbit;SPDRBT
base_trim/spiderbit_fx;SPDRBT
base_trim/spiderbit_ow;SPDRBT_W
base_trim/spiderbit2;SPDRBT2
base_trim/spiderbit3;SPDRBT3
base_trim/spiderbit4;SPDRBT4
base_trim/spiderbit6;SPDRBT6
base_trim/spiderbite;SPDRBT
base_trim/spidertrim;SPDRTRM
base_trim/spidertrim3;SPDRTRM3
base_trim/spidertrim4;SPDRTRM4
base_trim/techborder;TCHBRDR
base_trim/techborder_fx;TCHBRDR
base_trim/tin;TN
base_trim/tinfx;TN
base_trim/wire02_f1;WR02_F1
base_trim/wire02a_f;WR02_F
base_trim/wires01;WRS01
base_trim/wires01_ass;WRS01_SS
base_trim/wires02;WRS02
base_trim/xborder11b;XBRDR11B
base_trim/xian_dm3padwall_x;XN_DM3PDWLL_X
base_trim/xian_dm3padwall_x2;XN_DM3PDWLL_X2
base_trim/xian_dm3padwall_y;XN_DM3PDWLL_Y
base_trim/xred1_2;XRD1_2
base_trim/xspiderbit4;XSPDRBT4
base_trim/xstepborder;XSTPBRDR10
base_trim/yellow_rustb;YLLW_RSTB
base_trim/yellow_rustb_v1;YLLW_RSTB_V1
base_trim/yellow_rustbx128;YLLW_RSTBX128
base_wall/archpipe2_ifin;RCHPP2_FN
base_wall/archpipe2_k_tall3fin;RCHPP2_K_TLL3FN
base_wall/atech1_a;TCH1_
base_wall/atech1_alpha;TCH1_
base_wall/atech1_b;TCH1_B
base_wall/atech1_d;TCH1_D
base_wall/atech1_e;TCH1_
base_wall/atech2_c;TCH2_C
base_wall/atech3_a;TCH3_
base_wall/atechengine_a;TCHNGN_
base_wall/atechengine_ax;TCHNGN_X
base_wall/basewall01;BSWLL01
base_wall/basewall01_ow;BSWLL01_W
base_wall/basewall01_owfx;BSWLL01_W
base_wall/basewall01bit;BSWLL01BT
base_wall/basewall01bitfx;BSWLL01BT
base_wall/basewall02;BSWLL02
base_wall/basewall03;BSWLL03
base_wall/basewall04;BSWLL04
base_wall/basewallbobbin;BSWLLBBBN
base_wall/bluemetal1b_shiny;BLMTL1B_SHNY
base_wall/bluemetal2;BLMTL2
base_wall/bluemetal2_shiny;BLMTL2_SHNY
base_wall/bluemetal3;BLMTL3
base_wall/bluemetal3b;BLMTL3B
base_wall/bluemetalsupport;BLMTLSPPRT
base_wall/bluemetalsupport2;BLMTLSPPRT2
base_wall/bluemetalsupport2b;BLMTLSPPRT2B
base_wall/bluemetalsupport2bglow;BLMTLSPPRT2B
base_wall/bluemetalsupport2c;BLMTLSPPRT2C
base_wall/bluemetalsupport2c_1;BLMTLSPPRT2C_1
base_wall/bluemetalsupport2c_1vent;BLMTLSPPRT2C_1V
base_wall/bluemetalsupport2clight;BLMTLSPPRT2C
base_wall/bluemetalsupport2clight.glow;BLMTLSPPRT2C
base_wall/bluemetalsupport2d;BLMTLSPPRT2D
base_wall/bluemetalsupport2d_1;BLMTLSPPRT2D_1
base_wall/bluemetalsupport2e;BLMTLSPPRT2E
base_wall/bluemetalsupport2e2;BLMTLSPPRT2E
base_wall/bluemetalsupport2eye;BLMTLSPPRT2E
base_wall/bluemetalsupport2eyel;BLMTLSPPRT2E
base_wall/bluemetalsupport2f;BLMTLSPPRT2F
base_wall/bluemetalsupport2fline;BLMTLSPPRT2F
base_wall/bluemetalsupport2fline_glow;BLMTLSPPRT2F
base_wall/bluemetalsupport2ftv;BLMTLSPPRT2FTV
base_wall/bluemetalsupport2ftv_glow;BLMTLSPPRT2FTV
base_wall/blumtlspt2b;BLMTLSPT2B
base_wall/c_met5_2;C_MET5_2
base_wall/c_met7_2;C_MET7_2
base_wall/chrome_env;CHRM_NV
base_wall/chrome_env2;CHRM_NV2
base_wall/chrome_metal;CHRM_MTL
base_wall/comp3;CMP3
base_wall/comp3b;CMP3
base_wall/comp3c;CMP3
base_wall/comp3env;CMP3
base_wall/comp3frame;CMP3
base_wall/comp3text;CMP3
base_wall/comp3textb;CMP3
base_wall/comp3textd;CMP3
base_wall/concrete;CNCRT
base_wall/concrete_dark;CNCRT_DRK
base_wall/concrete_dark2;CNCRT_DRK2
base_wall/concrete_ow;CNCRT_W
base_wall/concrete_ow2;CNCRT_W2
base_wall/concreteb2;CNCRTB2
base_wall/concretepipe01;CNCRTPP01
base_wall/dooreye;DRY
base_wall/dooreye2;DRY2
base_wall/dooreye3;DRY3
base_wall/dooreyelight;DRY
base_wall/girders1i_128_yellofin;GRDRS1_128_YLLF
base_wall/girders1i_yellodark_fin;GRDRS1_YLLDRK_F
base_wall/glass_frame;GLSS_FRM
base_wall/greenmet2b;GRNMT2B
base_wall/grill;GRLL
base_wall/main_q3abanner;BLCK
base_wall/medal_accuracy;BLCK
base_wall/medal_excellent;BLCK
base_wall/medal_frags;BLCK
base_wall/medal_gauntlet;BLCK
base_wall/medal_impressive;BLCK
base_wall/medal_victory;BLCK
base_wall/metalblack03;MTLBLCK03
base_wall/metalblackbloody;MTLBLCKBLDY
base_wall/metalfloor_wall_10;MTLFLR_WLL_10
base_wall/metalfloor_wall_11;MTLFLR_WLL_11
base_wall/metalfloor_wall_12;MTLFLR_WLL_12
base_wall/metalfloor_wall_14;MTLFLR_WLL_14
base_wall/metalfloor_wall_14_specular;MTLFLR_WLL_14_S
base_wall/metalfloor_wall_15;MTLFLR_WLL_15
base_wall/metalfloor_wall_15ow;MTLFLR_WLL_15W
base_wall/metalfloor_wall_3;MTLFLR_WLL_3
base_wall/metaltech04final;MTLTCH04FNL
base_wall/metaltech06final;MTLTCH06FNL
base_wall/metaltech08final;MTLTCH08FNL
base_wall/metaltech10final;MTLTCH10FNL
base_wall/metaltech12dark_support;MTLTCH12DRK_SPP
base_wall/metaltech12darkfinal;MTLTCH12DRKFNL
base_wall/metaltech12final;MTLTCH12FNL
base_wall/metaltech13final;MTLTCH13FNL
base_wall/metaltech17final;MTLTCH17FNL
base_wall/metaltechgeomtrn;MTLTCHGMTRN
base_wall/metaltechgeomtrn2;MTLTCHGMTRN2
base_wall/metfloor_block_3;MTFLR_BLCK_3
base_wall/patch10;PTCH10
base_wall/patch10_beatup2;PTCH10_BTP2
base_wall/patch10_beatup3;PTCH10_BTP3
base_wall/patch10_beatup4;PTCH10_BTP4
base_wall/patch10_beatup4_alpha;PTCH10_BTP4_LPH
base_wall/patch10rusty5;PTCH10RSTY5
base_wall/protobanner;PRTBNNR
base_wall/protobanner_ow;PRTBNNR_W
base_wall/q3tourney1;BLCK
base_wall/q3tourney2;BLCK
base_wall/q3tourney3;BLCK
base_wall/q3tourney4;BLCK
base_wall/q3tourney5;BLCK
base_wall/redmet;RDMT
base_wall/redmet4small;RDMT4SMLL
base_wall/redpad;RDPD
base_wall/rusted;RSTD
base_wall/rusted3;RSTD3
base_wall/shiny3;SHNY3
base_wall/shinybluemetal1;SHNYBLMTL1
base_wall/shinygrate1_4;SHNYGRT1_4
base_wall/steed1ge;STD1GE
base_wall/steed1gf;STD1GF
base_wall/steed2f;STD2F
base_wall/symbol_ball;SYMBL_BLL
base_wall/symbol_bluelt1;SYMBL_BLLT1
base_wall/symbol_bluelt1_mask;SYMBL_BLLT1
base_wall/train1;TRN1
base_wall/x_concretelong;X_CNCRTLNG
base_wall/x_invertconcrete;X_NVRTCNCRT
base_wall/xbasewall04;XBSWLL04
base_wall/xian_q3dm12_leftwall4fin;XN_Q3DM12_LFTWL
base_wall2/techfloor_kc;TCHFLR_KC
base_wall2/techfloor_kc_shadow;TCHFLR_KC_SHDW
base_wall2/techfloor2_kc;TCHFLR2_KC
base_wall2/zzztntrl_kc;ZZZTNTRL_KC
common/caulk;BLCK
common/clip;CLIP
common/full_clip;CLIP
common/hint;CLIP
common/invisible;BLCK
common/mirror1;BLCK
common/missileclip;CLIP
common/nodraw;CLIP
common/weapclip;CLIP
ctf/blue_telep;#TELEFX1
ctf/blue_telep2;#TELEFX1
ctf/ctf_arch_b;CTF_RCH_B
ctf/ctf_arch_r;CTF_RCH_R
ctf/ctf_blueflag;CTF_BLFLG
ctf/ctf_redflag;CTF_RDFLG
ctf/ctf_tower_bluefin;CTF_TWR_BLFN
ctf/ctf_tower_bluefin_bottom;CTF_TWR_BLFN_BT
ctf/ctf_tower_redfin;CTF_TWR_RDFN
ctf/ctf_tower_redfin_bottom;CTF_TWR_RDFN_BT
ctf/killblock_i2_b;KLLBLCK_2_B
ctf/metalbase09_bluekillblock;MTLBS09_BLKLLBL
ctf/red_scary4_bfin;RD_SCRY4_BFN
ctf/red_scary4_cfin;RD_SCRY4_CFN
ctf/red_scary4_csansfacefin;RD_SCRY4_CSHRTF
ctf/red_scary4_cshortfin;RD_SCRY4_CSNSFC
ctf/red_scary4_d3fin;RD_SCRY4_D3FN
ctf/red_scary4_dfin;RD_SCRY4_DFN
ctf/red_telep;#TELEFX1
ctf/red_telep2;#TELEFX1
ctf/supportborder_blue;SPPRTBRDR_BL
ctf/supportborder_blue_b;SPPRTBRDR_BL_B
ctf/supportborder_blue_c;SPPRTBRDR_BL_C
ctf/supportborder_blueskull;SPPRTBRDR_BLSKL
ctf/tallblue_1_fin;TLLBL_1_FN
ctf/tallblue_1L_fin;TLLBL_1L_FN
ctf/tallblue_1R_fin;TLLBL_1R_FN
ctf/tallblue_2_fin;TLLBL_2_FN
ctf/tallblue_2b_fin;TLLBL_2B_FN
ctf/tallblue_2bshort_fin;TLLBL_2BSHRT_FN
ctf/tallblue_2bshort2_fin;TLLBL_2BSHRT2_F
ctf/tallblue_4bsmall_fin;TLLBL_4BSMLL_FN
ctf/tallblue_4c_fin;TLLBL_4C_FN
ctf/tallblue_5_bfin;TLLBL_5_BFN
ctf/tallblue_5esmallb_fin;TLLBL_5SMLLB_FN
ctf/telep;#TELEFX1
ctf/test2;TST2
ctf/test2_r;TST2_R
ctf/towerback;TWRBCK
ds/ds-grass2_skybox;SKY1
ds/largefloor4;LRGFLR4
ds/ra3-largefloor4;R3-LRGFLR4
ds/title-cd;TTL-CD
ds/title-cm;TTL-CM
ds/title-kk;TTL-KK
ds/title-mb;TTL-MB
effects/blueflagmap;BLCK
effects/envmap;BLCK
effects/envmap2;BLCK
effects/envmapbfg;BLCK
effects/envmapblue;BLCK
effects/envmapblue2;BLCK
effects/envmapdim;BLCK
effects/envmapdimb;BLCK
effects/envmapgold;BLCK
effects/envmapgold2;BLCK
effects/envmapligh;BLCK
effects/envmapmach;BLCK
effects/envmapplas;BLCK
effects/envmappurp;BLCK
effects/envmaprail;BLCK
effects/envmapred;BLCK
effects/envmaproc;BLCK
effects/envmapyel;BLCK
effects/invismap;BLCK
effects/quadmap2;BLCK
effects/redflagmap;BLCK
effects/regenmap2;BLCK
effects/tinfx;TNFX
effects/tinfx2;TNFX
effects/tinfx2b;TNFX
effects/tinfx2c;TNFX
effects/tinfx2d;TNFX
effects/tinfx3;TNFX
effects/tinfxb;TNFX
fira3/baseboard09_o3_end;BASEBOARD09_O3
fira3/iron01_ndark_end;RN01_NDRK
fira3/killblock_i2_end;KILLBLOCK_I2
fira3/tesla1;BLCK
G1ZM0/Black;BLCK
G1ZM0/Blk_laq1;BLK_LQ1
G1ZM0/blue_laq1;BL_LQ1
G1ZM0/bluemetal_2e;BLMTL_2
G1ZM0/Drag_b;DRG_B
G1ZM0/Drag_r;DRG_R
G1ZM0/Energy;ENRGY
G1ZM0/Energy1;ENRGY1
G1ZM0/fighting_spirit;FGHTNG_SPRT
G1ZM0/friendship;FRNDSHP
G1ZM0/Fuji;FJ
G1ZM0/J_int;J_NT
G1ZM0/Lantern;LNTRN
G1ZM0/laq_shiny;LQ_SHNY
G1ZM0/Pic1_b;PC1_B
G1ZM0/Pic1_r;PC1_R
G1ZM0/Red_laq1;RD_LQ1
G1ZM0/Respect;RSPCT
G1ZM0/Roof_b;RF_B
G1ZM0/Roof_r;RF_R
G1ZM0/Sam_fog;SM_FG
G1ZM0/samurai_b;SMR_B
G1ZM0/samurai_r;SMR_R
G1ZM0/Tatami;TTM
G1ZM0/tilefloor6;TLFLR6
G1ZM0/Warrior;WRRR
G1ZM0/White;WHT
G1ZM0/xstairtop4blt;XSTRTP4BLT
gothic_block/block10d;BLCK10D
gothic_block/blocks10;BLCKS10
gothic_block/blocks11b;BLCKS11B
gothic_block/blocks11bbroke;BLCKS11BBRK
gothic_block/blocks11bbroke3;BLCKS11BBRK3
gothic_block/blocks11d;BLCKS11D
gothic_block/blocks15;BLCKS15
gothic_block/blocks15_blue;BLCKS15_BL
gothic_block/blocks15_c;BLCKS15_C
gothic_block/blocks15_iron_r;BLCKS15_RN_R
gothic_block/blocks15_relief1;BLCKS15_RLF1
gothic_block/blocks15_relief2;BLCKS15_RLF2
gothic_block/blocks15cgeomtrn;BLCKS15CGMTRN
gothic_block/blocks17;BLCKS17
gothic_block/blocks17_ow;BLCKS17_W
gothic_block/blocks17bloody;BLCKS17BLDY
gothic_block/blocks17e;BLCKS17E
gothic_block/blocks17g;BLCKS17G
gothic_block/blocks17g_ow;BLCKS17G_W
gothic_block/blocks17g_owx;BLCKS17G_WX
gothic_block/blocks17i;BLCKS17I
gothic_block/blocks17j;BLCKS17J
gothic_block/blocks17k;BLCKS17K
gothic_block/blocks17slime;BLCKS17SLM
gothic_block/blocks18b;BLCKS18B
gothic_block/blocks18b_ow;BLCKS18B_W
gothic_block/blocks18c;BLCKS18C
gothic_block/blocks18c_1;BLCKS18C_1
gothic_block/blocks18c_1a;BLCKS18C_1A
gothic_block/blocks18c_3;BLCKS18C_3
gothic_block/blocks18cblood;BLCKS18CBLD
gothic_block/blocks18cbloodhead;BLCKS18CBLDHD
gothic_block/blocks18cgeom;BLCKS18CGM
gothic_block/blocks18cgeomtrn2;BLCKS18CGMTRN2
gothic_block/blocks18cgeomtrnx;BLCKS18CGMTRNX
gothic_block/blocks18d;BLCKS18D
gothic_block/blocks19;BLCKS19
gothic_block/blocks20b;BLCKS20B
gothic_block/blocks9;BLCKS9
gothic_block/dark_block;DRK_BLCK
gothic_block/demon_block15fx;DMN_BLCK15FX
gothic_block/evil2cglow;BLCK
gothic_block/evil2ckillblockglow;BLCK
gothic_block/gkc_larg_left;GKC_L_LEFT
gothic_block/gkc_large_right;GKC_L_RGHT
gothic_block/gkc10;GKC10
gothic_block/gkc14;GKC14
gothic_block/gkc14b;GKC14B
gothic_block/gkc14e;GKC14E
gothic_block/gkc15_big;GKC15_BG
gothic_block/gkc15b;GKC15B
gothic_block/gkc15c;GKC15C
gothic_block/gkc16b;GKC16B
gothic_block/gkc17d;GKC17D
gothic_block/gkc18b;GKC18B
gothic_block/gkc19_wide_right;GKC19_W_RGHT
gothic_block/gkc19a;GKC19A
gothic_block/gkc19b;GKC19B
gothic_block/gkc20_wide_right;GKC20_W_RGHT
gothic_block/gkc20a;GKC20A
gothic_block/gkc20b;GKC20B
gothic_block/killblock;KLLBLCK
gothic_block/killblock_i;KLLBLCK_
gothic_block/killblock_i2;KLLBLCK_2
gothic_block/killblock_i3;KLLBLCK_3
gothic_block/killblock_i4;KLLBLCK_4
gothic_block/killblock_i4glow;KLLBLCK_4
gothic_block/killblock_iron_b;KLLBLCK_RN_B
gothic_block/killblock_j;KLLBLCK_J
gothic_block/killblock_j2;KLLBLCK_J2
gothic_block/killblock_k;KLLBLCK_K
gothic_block/killblock_relief1;KLLBLCK_RLF1
gothic_block/killblockgeomtrn;KLLBLCKGMTRN
gothic_block/killtrim;KLLTRM
gothic_block/largerblock3blood;LRGRBLCK3BLD
gothic_block/pulpywalla;PLPYWLL
gothic_block/smblk3b3dim_wall;SMBLK3B3DM_WLL
gothic_block/wetwall;WTWLL
gothic_block/wetwallfx;WTWLLFX
gothic_block/windowevil2c_block18c;WNDWVL2C_BLCK18
gothic_block/windowevil2c_killblock;WNDWVL2C_KLLBLC
gothic_block/x1blocks;X1BLCKS
gothic_block/xblocks10;XBLCKS10
gothic_block/xcurve_q3dm6;XCRV_Q3DM6
gothic_block/xgkc_lower;XGKC_LWR
gothic_block/xGkc15ba;XGKC15BA
gothic_button/timbutton;TMBTTN
gothic_button/timbutton2;TMBTTN2
gothic_button/timbuttonside;TMBTTNSD
gothic_cath/graycathflesh1L;GRYCTHFLSH1L
gothic_cath/graycathflesh1R;GRYCTHFLSH1R
gothic_cath/graycathflesh2L;GRYCTHFLSH2L
gothic_cath/graycathflesh2R;GRYCTHFLSH2R
gothic_cath/graycathflesh3L;GRYCTHFLSH3L
gothic_cath/graycathflesh3R;GRYCTHFLSH3R
gothic_cath/graycathflesh4L;GRYCTHFLSH4L
gothic_cath/graycathflesh4R;GRYCTHFLSH4R
gothic_cath/graycathflesh5L;GRYCTHFLSH5L
gothic_cath/graycathflesh5R;GRYCTHFLSH5R
gothic_cath/smalldoor_xiandm9a;SMLLDR_XNDM9
gothic_cath/smalldoor_xiandm9f;SMLLDR_XNDM9F
gothic_cath/smalldoor_xiandm9i;SMLLDR_XINDM9I
gothic_cath/xiandm9doorc;XNDM9DR2
gothic_cath/xiandm9doore2;XNDM9DR2
gothic_cath/xiandm9doore2_invert;XNDM9DR2_NVRT
gothic_ceiling/ceilingtech_big;CLNGTCH_BG
gothic_ceiling/ceilingtech01_f;CLNGTCH01_F
gothic_ceiling/ceilingtech02_a;CLNGTCH02_
gothic_ceiling/ceilingtech02_b;CLNGTCH02_B
gothic_ceiling/ceilingtech02_c2;CLNGTCH02_C2
gothic_ceiling/ceilingtech02_d;CLNGTCH02_D
gothic_ceiling/ceilingtech03_afinal;CLNGTCH03_FNL
gothic_ceiling/ceilingtechplain;CLNGTCHPLN
gothic_ceiling/stucco7top;STU7TOP
gothic_ceiling/woodceiling1a;WDCLNG1
gothic_ceiling/woodceiling1b_dark;WDCLNG1B_DRK
gothic_ceiling/xstucco7top;XSTCC7TP
gothic_door/arch_tall2a;RCH_TLL2
gothic_door/arch_tall2b;RCH_TLL2B
gothic_door/archpart1;RCHPRT1
gothic_door/archpart10;RCHPRT10
gothic_door/archpart2;RCHPRT2
gothic_door/archpart6;RCHPRT6
gothic_door/archpart7;RCHPRT7
gothic_door/archpart8;RCHPRT8
gothic_door/archpart9;RCHPRT9
gothic_door/archxiandm1b;RCHXNDM1B
gothic_door/archxiandm1dblack;RCHXNDM1DBLCK
gothic_door/door02_bred2;DR02_BRD2
gothic_door/door02_eblue2;DR02_BL2
gothic_door/door02_i_ornate5_fin;DR02__RNT5_FN
gothic_door/door02_j;DR02_J
gothic_door/door02_j4;DR02_J4
gothic_door/door02_k2b;DR02_K2B
gothic_door/km_arena1archfinalc;KM_RN1RCHFNLC
gothic_door/km_arena1archfinalc_bot;KM_RN1RCHFNLC_B
gothic_door/km_arena1archfinalc_mid;KM_RN1RCHFNLC_M
gothic_door/km_arena1archfinalc_top;KM_RN1RCHFNLC_T
gothic_door/km_arena1archfinald_bot;KM_RN1RCHFNLD_B
gothic_door/km_arena1archfinald_mid;KM_RN1RCHFNLD_M
gothic_door/km_arena1archfinald_top;KM_RN1RCHFNLD_T
gothic_door/km_arena1archsmallfinala;KM_RN1RCHSMLLFN
gothic_door/km_arena1columna2L;KM_RN1CLMN2L
gothic_door/km_arena1columna2R;KM_RN1CLMN2R
gothic_door/metal_door_a;MTL_DR_
gothic_door/metal_door_b;MTL_DR_B
gothic_door/metal_door_c;MTL_DR_C
gothic_door/metal_door_d;MTL_DR_D
gothic_door/skull_door_a;SKLL_DR_
gothic_door/skull_door_b;SKLL_DR_B
gothic_door/skull_door_c;SKLL_DR_C
gothic_door/skull_door_d;SKLL_DR_D
gothic_door/skull_door_e;SKLL_DR_E
gothic_door/skull_door_f;SKLL_DR_F
gothic_door/skullarch_a;SKLLRCH_
gothic_door/skullarch_b;SKLLRCH_B
gothic_door/skullarch_c;SKLLRCH_C
gothic_door/smalldoor_xiandm3a;SKLLRCH_
gothic_door/tim_dmarch01;TM_DMRCH01
gothic_door/tim_dmarch02;TM_DMRCH02
gothic_door/tim_dmarch03;TM_DMRCH03
gothic_door/xian_dm3arch;XN_DM3RCH
gothic_door/xian_tourneyarch_bottom2;XN_TRNYRCH_BTTM
gothic_door/xian_tourneyarch_inside2;XN_TRNYRCH_NSD2
gothic_door/xian_tourneyarch_med1b;XN_TRNYRCH_MD1B
gothic_door/xian_tourneyarch_tall1c;XN_TRNYRCH_TLL1
gothic_door/xian_tourneyarch_tall2b;XN_TRNYRCH_TLL2
gothic_door/xiandm3talldoor;XNDM3TLLDR
gothic_door/xiandm3talldoorinside;XNDM3TLLDRNSD
gothic_door/xiandm3talldoorleft;XNDM3TLLDRLFT
gothic_door/xiandm3talldoorright;XNDM3TLLDRRGHT
gothic_floor/blocks17floor;BLCKS17FLR
gothic_floor/blocks17floor2;BLCKS17FLR2
gothic_floor/blocks17floor3;BLCKS17FLR3
gothic_floor/center2trn;CNTR2TRN
gothic_floor/goopq1metal7_98d;GPQ1MTL7_98D
gothic_floor/goopq1metal7_98e;GPQ1MTL7_98
gothic_floor/largeblock3b3broke;LRGBLCK3B3BRK
gothic_floor/largeblockfloor3;LRGBLCKFLR3
gothic_floor/largeblockfloor4;LRGBLCKFLR4
gothic_floor/largeblockfloor4broke;LRGBLCKFLR4BRK
gothic_floor/largerblock3b;LRGBLOCK3B3
gothic_floor/largerblock3b_ow;LRGRBLCK3B_W
gothic_floor/largerblock3b2;LRGRBLCK3B2
gothic_floor/largerblock3b3;LRGRBLCK3B3
gothic_floor/largerblock3b3dim;LRGRBLCK3B3DM
gothic_floor/largerblock3b3x128;LRGRBLCK3B3X128
gothic_floor/largerblock3b4;LRGRBLCK3B4
gothic_floor/metalbridge02;MTLBRDG02
gothic_floor/metalbridge02b;MTLBRDG02B
gothic_floor/metalbridge06;MTLBRDG06
gothic_floor/metalbridge06_pent;MTLBRDG06_PNT
gothic_floor/metalbridge06b;MTLBRDG06B
gothic_floor/metalbridge06b_blood;MTLBRDG06B_BLD
gothic_floor/metalbridge06bbroke;MTLBRDG06BBRK
gothic_floor/metalbridge06broke;MTLBRDG06BRK
gothic_floor/metalbridge06brokeb;MTLBRDG06BRKB
gothic_floor/pent_glow;PNL_GL
gothic_floor/pent_metalbridge02;PNT_MTLBRDG02
gothic_floor/pent_metalbridge06;PNT_MTLBRDG06
gothic_floor/pj_e3_center2;PJ_3_CNTR2
gothic_floor/pj_e3_center2_b;PJ_3_CNTR2_B
gothic_floor/pj_e3_center2_r;PJ_3_CNTR2_R
gothic_floor/q1metal7_97;Q1MTL7_97
gothic_floor/q1metal7_98;Q1MTL7_98
gothic_floor/q1metal7_98d_256x256;Q1MTL7_98D_256X
gothic_floor/q1metal7_99;Q1MTL7_99
gothic_floor/q1metal7_99_broke;Q1MTL7_99_BRK
gothic_floor/q1metal7_99spot;Q1MTL7_99SPT
gothic_floor/q1metal7_99stair;Q1MTL7_99STR
gothic_floor/q1metal7_99stair2;Q1MTL7_99STR2
gothic_floor/q1metal7_99stair3;Q1MTL7_99STR3
gothic_floor/xq1metalbig;XQ1METALBIG
gothic_floor/xq1metalbig_ow;XQ1METALBIG_OW
gothic_floor/xstairtop4;XSTRTP4
gothic_floor/xstairtop4bbrn;XSTRTP4BBRN
gothic_floor/xstairtop5;XSTRTP5
gothic_floor/xstairtop6;XSTRTP6
gothic_floor/xstairtop7;XSTAIRTOP7
gothic_floor/xstairtop8;XSTAIRTOP8
gothic_floor/xstepborder10;XSTPBRDR10
gothic_floor/xstepborder12;XSTPBRDR12
gothic_floor/xstepborder13;XSTPBRDR13
gothic_floor/xstepborder3;XSTPBRDR3
gothic_floor/xstepborder3_alpha;XSTPBRDR3_LPH
gothic_floor/xstepborder3_shiney;XSTPBRDR3
gothic_floor/xstepborder3brn;XSTPBRDR3BRN
gothic_floor/xstepborder5;XSTPBRDR5
gothic_floor/xstepborder7;XSTPBRDR7
gothic_floor/xstepborder8;XSTPBRDR8
gothic_floor/xstepborder9;XSTPBRDR9
gothic_light/border_ceil39.blend;BRDR7_CL39B
gothic_light/border7_ceil39;BRDR7_CL39
gothic_light/border7_ceil39b;BRDR7_CL39B
gothic_light/border7_ceil39b.blend;BRDR7_CL39B
gothic_light/gothic_light2;GTHC_LGHT2
gothic_light/gothic_light2_1k;GTHC_LGHT2
gothic_light/gothic_light2_4k;GTHC_LGHT2
gothic_light/gothic_light2_blend;GTHC_LGHT2
gothic_light/gothic_light2_lrg;GTHC_LGHT2_LRG
gothic_light/gothic_light3;GTHC_LGHT3
gothic_light/ironcrosslt2;RNCRSSLT2
gothic_light/ironcrosslt2.blend;RNCRSSLT2
gothic_light/ironcrosslt2_1000;RNCRSSLT2
gothic_light/ironcrosslt2_2000;RNCRSSLT2
gothic_light/ironcrossltbkgrd;RNCRSSLTBKGRD
gothic_light/light1_4kgothic;GTHC_LGHT2
gothic_light/pentagram_light1;PNTGRM_LGHT1
gothic_light/pentagram_light1_blend;PNTGRM_LGHT1_BL
gothic_light/skulllight01;SKLLLGHT01
gothic_trim/baseboard01;BSBRD01
gothic_trim/baseboard03;BSBRD03
gothic_trim/baseboard03_a;BSBRD03_
gothic_trim/baseboard04;BSBRD04
gothic_trim/baseboard07;BSBRD07
gothic_trim/baseboard08;BSBRD08
gothic_trim/baseboard08_b;BSBRD08_B
gothic_trim/baseboard08_d;BSBRD08_D
gothic_trim/baseboard08_dblue;BSBRD08_DBL
gothic_trim/baseboard08_e;BSBRD08_
gothic_trim/baseboard08_ered;BSBRD08_RD
gothic_trim/baseboard09;BSBRD09
gothic_trim/baseboard09_2;BSBRD09_2
gothic_trim/baseboard09_blue;BSBRD09_BL
gothic_trim/baseboard09_c;BSBRD09_C
gothic_trim/baseboard09_c2;BSBRD09_C2
gothic_trim/baseboard09_c2b;BSBRD09_C2B
gothic_trim/baseboard09_c3;BSBRD09_C3
gothic_trim/baseboard09_e;BSBRD09_
gothic_trim/baseboard09_e2;BSBRD09_2
gothic_trim/baseboard09_f;BSBRD09_F
gothic_trim/baseboard09_f2;BSBRD09_F2
gothic_trim/baseboard09_g;BSBRD09_G
gothic_trim/baseboard09_g3;BSBRD09_G3
gothic_trim/baseboard09_h;BSBRD09_H
gothic_trim/baseboard09_i;BSBRD09_I
gothic_trim/baseboard09_ired;BSBRD09_IRD
gothic_trim/baseboard09_kblue;BSBRD09_KBL
gothic_trim/baseboard09_l;BSBRD09_L
gothic_trim/baseboard09_l2;BSBRD09_L2
gothic_trim/baseboard09_o3;BSBRD09_3
gothic_trim/baseboard09_p;BSBRD09_P
gothic_trim/baseboard09_p_shiny;BSBRD09_P_SHNY
gothic_trim/baseboard09_red;BSBRD09_RD
gothic_trim/baseboard10;BSBRD10
gothic_trim/baseboard10_d;BSBRD10_D
gothic_trim/baseboard10_e;BSBRD10_
gothic_trim/baseboard10_f;BSBRD10_F
gothic_trim/baseboard10_h;BSBRD10_H
gothic_trim/baseboard9c_com_b;BSBRD9C_CM_B
gothic_trim/baseboard9c_com_r;BSBRD9C_CM_R
gothic_trim/blocks15_bb09e;BLOCKS15_BB09E
gothic_trim/blocks17g_stairtread;BLCKS17G_STRTRD
gothic_trim/border10;BRDR10
gothic_trim/border11;BRDR11
gothic_trim/border12;BRDR12
gothic_trim/border2;BRDR2
gothic_trim/border6;BRDR6
gothic_trim/border7;BRDR7
gothic_trim/column2c_test;CLMN2C_TST
gothic_trim/columnsupportbottoms;CLMNSPPRTBTTMS
gothic_trim/columnsupportops;CLMNSPPRTPS
gothic_trim/copper_128;CPPR_128
gothic_trim/copper_128_tile;CPPR_128_TL
gothic_trim/copper_64;CPPR_64
gothic_trim/copper_64_tile;CPPR_64_TL
gothic_trim/copper_8_tile;CPPR_8_TL
gothic_trim/copper_8_tile_r;CPPR_8_TL_R
gothic_trim/copper_sm;CPPR_SM
gothic_trim/goldsupport_a;GOLDSUPPORT_A
gothic_trim/gothgrate2;GTHGRT2
gothic_trim/iron01_e_mbase14_b;RN01__MBS14_B
gothic_trim/iron01_e_mbase14_r;RN01__MBS14_R
gothic_trim/km_arena1tower_short;KM_RN1TWR_SHRT
gothic_trim/km_arena1tower1;KM_RN1TWR1
gothic_trim/km_arena1tower2;KM_RN1TWR2
gothic_trim/km_arena1tower4;KM_RN1TWR4
gothic_trim/km_arena1tower4_a;KM_RN1TWR4_
gothic_trim/km_arena1tower4_shiny;KM_RN1TWR4_SHNY
gothic_trim/km_arena1tower6;KM_RN1TWR6
gothic_trim/km_arena1tower7;KM_RN1TWR7
gothic_trim/km_arena1tower8;KM_RN1TWR8
gothic_trim/metalbase03a_blocks11b4;MTLBS03_BLCKS11
gothic_trim/metalbase03a_blocks18c2;MTLBS03_BLCKS18
gothic_trim/metalbase09_b_blocks15;MTLBS09_B_BLCKS
gothic_trim/metalbase09_killblock;MTLBS09_BLKLLBL
gothic_trim/metalbase09b_brick;MTLBS09B_BRCK
gothic_trim/metalbase8a_brick;MTLBS8_BRCK
gothic_trim/metaldemonkillblock;MTLDMNKLLBLCK
gothic_trim/metalsupport4;MTLSPPRT4
gothic_trim/metalsupport4b;MTLSPPRT4B
gothic_trim/metalsupport4c;MTLSPPRT4C
gothic_trim/metalsupport4d;MTLSPPRT4D
gothic_trim/metalsupport4g;MTLSPPRT4G
gothic_trim/metalsupport4g_1;MTLSPPRT4G_1
gothic_trim/metalsupport4g_2;MTLSPPRT4G_2
gothic_trim/metalsupport4h;MTLSPPRT4H
gothic_trim/metalsupport4h_shiny;MTLSPPRT4H_SHNY
gothic_trim/metalsupport4i;MTLSPPRT4I
gothic_trim/metalsupport4i_bit;MTLSPPRT4_BT
gothic_trim/metalsupport4j;MTLSPPRT4J
gothic_trim/metalsupport4small;MTLSPPRT4SMLL
gothic_trim/metalsupsolid;MTLSPSLD
gothic_trim/newskull;NWSKLL
gothic_trim/pitted_roof;PTTD_RF
gothic_trim/pitted_rust;PTTD_RST
gothic_trim/pitted_rust_small;PTTD_RST_SMLL
gothic_trim/pitted_rust2;PTTD_RST2
gothic_trim/pitted_rust3;PTTD_RST3
gothic_trim/pitted_rust3_black;PTTD_RST3_BLCK
gothic_trim/pitted_rust3_dkred;PTTD_RST3_DKRD
gothic_trim/pitted_rustblack;PTTD_RSTBLCK
gothic_trim/pitted_rustred;PTTD_RSTRD
gothic_trim/pjwal5q;PJWL5Q
gothic_trim/q_waste1;Q_WST1
gothic_trim/q1metal7;Q1MTL7
gothic_trim/q1metal7_12;Q1MTL7_12
gothic_trim/skullsvertgray02a;SKLLSVRTGRY02
gothic_trim/skullsvertgray02b;SKLLSVRTGRY02B
gothic_trim/skullsvertgrayslot02a;SKLLSVRTGRYSLT0
gothic_trim/stucco7bord1;STCC7BRD1
gothic_trim/stucco7top;STCC7TP
gothic_trim/stucco7trim;STCC7TRM
gothic_trim/supportborder;SPPRTBRDR
gothic_trim/supportborderside;SPPRTBRDRSD
gothic_trim/supportborderside_rot;SPPRTBRDRSD_RT
gothic_trim/tower_front;TWR_FRNT
gothic_trim/tower_side2;TWR_SD2
gothic_trim/tower_side2b;TWR_SD2B
gothic_trim/tower_top;TWR_TP
gothic_trim/window_a_base;WNDW__BS
gothic_trim/window_a_bottom1;WNDW__BTTM1
gothic_trim/window_a_bottom2;WNDW__BTTM2
gothic_trim/window_a1;WNDW_1
gothic_trim/window_a2;WNDW_2
gothic_trim/window_pitted_rust;WNDW_PTTD_RST
gothic_trim/wood2;WD2
gothic_trim/x_noblight;X_NBLGHT
gothic_trim/x_noblightfx;X_NBLGHTFX
gothic_trim/xian_tourney_trim;XN_TRNY_TRM
gothic_trim/xmetalsupport4i_alpha;XMTLSPPRT4_LPH
gothic_trim/xsupportborderside_shiney;XSPPRTBRDRSD_SH
gothic_trim/zinc;ZNC
gothic_trim/zinc_shiny;ZNC_SHNY
gothic_wall/backtower1;BCKTWR1
gothic_wall/backtower1b;BCKTWR1B
gothic_wall/backtower2;BCKTWR2
gothic_wall/backtower2b;BCKTWR2B
gothic_wall/backtower3;BCKTWR3
gothic_wall/backtower3b;BCKTWR3B
gothic_wall/backtower4;BCKTWR4
gothic_wall/backtower4b;BCKTWR4B
gothic_wall/brickwindow_bot;BRCKWNDW_BT
gothic_wall/brickwindow_mid;BRCKWNDW_MD
gothic_wall/brickwindow_top;BRCKWNDW_TP
gothic_wall/church_brick3;CHRCH_BRCK3
gothic_wall/church_brick3b;CHRCH_BRCK3B
gothic_wall/crack5c;CRCK5C
gothic_wall/dm5_archifin;DM5_RCHFN
gothic_wall/dm5_archkfin;DM5_RCHKFN
gothic_wall/goldbrick;GLDBRCK
gothic_wall/iron01_b;RN01_B
gothic_wall/iron01_c;RN01_C
gothic_wall/iron01_c2;RN01_C2
gothic_wall/iron01_c3;RN01_C3
gothic_wall/iron01_c3_rust;RN01_C3_RST
gothic_wall/iron01_c5;RN01_C5
gothic_wall/iron01_e;RN01_
gothic_wall/iron01_g;RN01_G
gothic_wall/iron01_m;RN01_M
gothic_wall/iron01_ndark;RN01_NDRK
gothic_wall/iron01_ntech3;RN01_NTCH3
gothic_wall/iron01_ntech4;RN01_NTCH4
gothic_wall/iron01_p;RN01_P
gothic_wall/iron01_p2;RN01_P2
gothic_wall/iron01_p5;RN01_P5
gothic_wall/iron1_brickrust;RN1_BRCKRST
gothic_wall/jumptower_bottom;JMPTWR_BTTM
gothic_wall/jumptower_top;JMPTWR_TP
gothic_wall/jumptowerwork3g;JMPTWRWRK3G
gothic_wall/metalciclesdark;MTLCCLSDRK
gothic_wall/metalciclesdark_pipe;MTLCCLSDRK_PP
gothic_wall/metalciclesdark_support;MTLCCLSDRK_SPPR
gothic_wall/metalciclesdark_supportb;MTLCCLSDRK_SPPR
gothic_wall/metalciclesrust;MTLCCLSRST
gothic_wall/metalciclesrust_pipe;MTLCCLSRST_PP
gothic_wall/metaltech16gold;MTLTCH16GLD
gothic_wall/oct20c;CT20C
gothic_wall/oct20clava;CT20CLV
gothic_wall/pitted_rust3blood2;PTTD_RST3BLD2
gothic_wall/proto_brik;PRT_BRK
gothic_wall/purptileb;PRPTLB
gothic_wall/sidetower3a_dm15fin;SDTWR3_DM15FN
gothic_wall/sidetower3d_front;SDTWR3D_FRNT
gothic_wall/skull2;SKLL2
gothic_wall/skull4;SKLL4
gothic_wall/slateroofc;SLTRFC
gothic_wall/streetbricks;STRTBRCKS
gothic_wall/streetbricks10;STRTBRCKS10
gothic_wall/streetbricks11;STRTBRCKS11
gothic_wall/streetbricks14;STRTBRCKS14
gothic_wall/support2b;SPPRT2B
gothic_wall/supportborder_blue_b;SPPRTBRDR_BL_B
gothic_wall/supportborder_blue_c;SPPRTBRDR_BL_C
gothic_wall/window_evil6a;WNDW_EVIL6A
gothic_wall/window_evil6a_glow;WNDW_EVIL6A
gothic_wall/xiantourneycolumn_b4;XNTRNYCLMN_B4
gothic_wall/xiantourneycolumn_b6;XNTRNYCLMN_B6
gothic_wall/xiantourneycolumn_b8_128;XNTRNYCLMN_B8_1
gothic_wall/xiantourneywall_C1;XNTRNYWLL_C1
gothic_wall/xiantourneywall_R1;XNTRNYWLL_R1
gothic_wall/xoct20c_shiney;XCT20C_SHNY
gothic_wall/xpipecolumn_gray_shiny;XPPCLMN_GRY_SHN
gothic_wall/xpipecolumn_gray128;XPPCLMN_GRY128
liquids/bubbles;#WATER0
liquids/kc_fogcloud3;#TELEFX1
liquids/lavafloor;#LAVAFLR
liquids/lavahell;#LAVAHELL
liquids/pool2;#PL3D_3
liquids/pool3d_3;#PL3D_3
liquids/pool3d_3c2;#PL3D_3
liquids/pool3d_3e;#PL3D_3E
liquids/pool3d_4b2;#PL3D_3E
liquids/pool3d_5;#PL3D_5
liquids/pool3d_5c2;#PL3D_5E
liquids/pool3d_5e;#PL3D_5E
liquids/pool3d_6;#PL3D_6
liquids/pool3d_6c2;#PL3D_6
liquids/proto_gruel2;#PRTLDG
liquids/proto_gruel3;#PRTLDG
liquids/proto_grueldark;#PRTLDG
liquids/proto_grueldark2;#PRTLDG
liquids/proto_poolpass;#PRTLDG
liquids/protolava;#LAVA1
liquids/protolava2;#LAVAHLL
liquids/slime7;#SLIME7
liquids/slime7c;#SLIME7C
monsoon/brick1_4;BRICK1_4
monsoon/brick1_5;BRICK1_5
monsoon/brick2_1;BRICK2_1
monsoon/brick2_2;BRICK2_2
monsoon/brick3_1;BRICK3_1
monsoon/brick3_4;BRICK3_4
monsoon/brick5_6;BRICK5_6
monsoon/concrete1_1;CONCRETE1_1
monsoon/concrete1_10;CONCRETE1_10
monsoon/concrete1_14;CONCRETE1_14
monsoon/concrete1_14.blend;CONCRETE1_14
monsoon/concrete1_14.fx;CONCRETE1_14
monsoon/concrete1_15;CONCRETE1_15
monsoon/concrete1_16;CONCRETE1_16
monsoon/concrete2_1;CONCRETE2_1
monsoon/concrete3_1;CONCRETE3_1
monsoon/concrete4_1;CONCRETE4_1
monsoon/concrete5_1;CONCRETE5_1
monsoon/floor1_1;FLOOR1_1
monsoon/floor2_1;FLOOR2_1
monsoon/floor3_2;FLOOR3_2
monsoon/floor4_1;FLOOR4_1
monsoon/floorgrate1_2;FLOORGRATE1_2
monsoon/glass1;GLASS1
monsoon/grate;GRATE
monsoon/grate1_1;GRATE1_1
monsoon/gratewall1_2;GRATEWALL1_2
monsoon/jumppad1_1.blend;JUMPPAD1_4
monsoon/jumppad1_1.fx;JUMPPAD1_4
monsoon/jumppad1_4;JUMPPAD1_4
monsoon/jumppad1_6;JUMPPAD1_6
monsoon/light1_2;LIGHT2
monsoon/light1_2.blend;LIGHT2
monsoon/light2_2;LIGHT2
monsoon/light2_2.blend;LIGHT2
monsoon/light3_1;LIGHT3_1
monsoon/light3_2.blend;LIGHT3_1
monsoon/light4_2;LIGHT4_2
monsoon/light4_2.blend;LIGHT4_2
monsoon/light7_2;LIGHT7_2
monsoon/light7_2.blend;LIGHT7_2
monsoon/light8_2.blend;LIGHT8_4
monsoon/light8_4;LIGHT8_4
monsoon/light9_1;LIGHT9_1
monsoon/light9_1.blend;LIGHT9_1
monsoon/pipe1_4;PIPE1_4
monsoon/pipe1_7;PIPE1_7
monsoon/step1_4;STEP1_4
monsoon/support3_1;SUPPORT3_1
monsoon/support4_1;SUPPORT4_1
monsoon/support6_1;SUPPORT6_1
monsoon/support6_2;SUPPORT6_2
monsoon/support6_3;SUPPORT6_3
monsoon/tellyfx1;#TELEFX1
monsoon/tellyfx2;#TELEFX1
monsoon/trim1_1;TRIM1_1
monsoon/trim1_10;TRIM1_10
monsoon/trim1_3;TRIM1_3
monsoon/trim1_4;TRIM1_4
monsoon/trim1_7;TRIM1_7
monsoon/trim1_9;TRIM1_9
monsoon/trim1_9.blend;TRIM1_9
monsoon/trim3_1;TRIM3_1
monsoon/trim3_3;TRIM3_3
monsoon/trim4_1;TRIM4_1
monsoon/trim4_2;TRIM4_2
monsoon/trim4_3;TRIM4_3
monsoon/trim4_8;TRIM4_8
monsoon/trim5_1;TRIM5_1
monsoon/trim5_3;TRIM5_3
monsoon/trim5_4;TRIM5_4
monsoon/trim5_5;TRIM5_5
monsoon/trim6_1;TRIM6_1
monsoon/trim6_1.fx;TRIM6_1
monsoon/wall1_1;WALL1_1
monsoon/wall1_10;WALL1_10
monsoon/wall1_15;WALL1_15
monsoon/wall1_17;WALL1_17
monsoon/wall1_18;WALL1_18
monsoon/wall1_18_ext;WALL1_18_EXT
monsoon/wall1_22;WALL1_22
monsoon/wall1_3;WALL1_3
monsoon/wall1_4;WALL1_4
monsoon/wall1_6;WALL1_6
monsoon/wall10_3;WALL10_3
monsoon/wall2_1;WALL2_1
monsoon/wall2_3;WALL2_3
monsoon/wall3_1;WALL3_1
monsoon/wall5_3;WALL5_3
monsoon/wall7_1;WALL7_1
organics/awall4j;WLL4J
organics/dirt;DRT
organics/dirt2;DRT2
organics/grass3;GRSS3
organics/pjrock7d;PJRCK7D
organics/trainpart12C;TRNPRT12C
organics/wire02a_f;WR02_F
ospdm5/ik_brick_12832d;IK_BRICK_12832D
ospdm5/ik_brick_12864a;IK_BRICK_12864A
ospdm5/ik_brick_25664d;IK_BRICK_25664D
ospdm5/ik_floor_conc256b;IK_FLOOR_C256B
ospdm5/pool3d_3b;BLCK
ospdm5/pool3d_5b;BLCK
ospdm5/pool3d_6b;BLCK
ospdm5/t_mtllight;BLCK
ospdm5/t_mtllight_blend;BLCK
proto/dirty;DRTY
proto/meaty_skull;MTY_SKLL
proto/rottblock;RTTBLCK
proto/rustytotum;RSTYTTM
proto2/asylum_brick;SYLM_BRCK
proto2/asylum_yellow;SYLM_YLLW
proto2/brick_trim;BRCK_TRM
proto2/brick04_warm;BRCK04_WRM
proto2/crackcrete;CRCKCRT
proto2/flare;FLR
proto2/sandy01;SNDY01
proto2/tin_floor03;TN_FLR03
proto2/tin_floor03step;TN_FLR03STP
proto2/tin_floor04;TN_FLR04
proto2/tin_floor04ach;TN_FLR04CH
proto2/tin_floor05big;TN_FLR05BG
proto2/wood_planks;WD_PLNKS
ql/arch;RCH
ql/asphalt;SPHLT
ql/bricks_dark;BRCKS_DRK
ql/bricks_dark_trim;BRCKS_DRK_TRM
ql/red;RD
ql/red_s1;RD_S1
ql/red_s3;RD_S3
ra3/gothic_arena1;BLCK
ra3/gothic_arena2;BLCK
ra3/gothic_arena3;BLCK
ra3/gothic_pickup_arena;BLCK
ra3/grass_1;GRSS
ra3/metaltech_black;BLCK
ra3/q3a_ra3_blocks11b;BLCKS11B
ra3/q3a_ra3_blocks15;BLCKS15
ra3/ra3_blueflag;BLCK
ra3/ra3_grayblock2;BLCK
ra3/ra3_logo;BLCK
ra3/ra3_redblock1;BLCK
ra3/ra3_redflag;BLCK
ra3/ra3_silverflag;BLCK
ra3/static2;BLCK
ra3/stucco_ra3logo;BLCK
sfx/2x1_exy;2X1_XY
sfx/b_flame1;+0FLAME
sfx/b_flame2;+1FLAME
sfx/b_flame3;+2FLAME
sfx/b_flame4;+3FLAME
sfx/b_flame5;+4FLAME
sfx/b_flame6;+5FLAME
sfx/b_flame7;+6FLAME
sfx/b_flame8;+7FLAME
sfx/b_flameball;BLCK
sfx/beam;BLCK
sfx/beam_1;BLCK
sfx/beam_blue4;BLCK
sfx/beam_dusty2;CLIP
sfx/beam_red;BLCK
sfx/beam_waterlight;BLCK
sfx/blackness;BLCK
sfx/blocks17final_pent;BLCKS17FNL_PNT
sfx/blocks17g_jumpad;BLCKS17G_JMPD
sfx/blocks18ccomputer;BLCKS18CCMPTR
sfx/bolts;BLCK
sfx/border11c;BLCK
sfx/bounce_concrete;CNCRT
sfx/bounce_dirt;DRT
sfx/bounce_largeblock3;LRGBLKFLR3
sfx/bounce_largeblock3b;LRGBLOCK3B3
sfx/bounce_xq1metalbig;XQ1METALBIG
sfx/bouncepad01_block17;BNCPD01_BLCK17
sfx/bouncepad01_diamond2cTGA;BNCPD01_DMND2CT
sfx/bouncepad01_xarch;BNCPD01_XRCH
sfx/bouncepad01b_layer1;BNCPD01BLCK18B
sfx/bouncepad01block18b;BNCPD01BLCK18B
sfx/bouncepad1q1metal7_99;BNCPD1Q1MTL7_99
sfx/bullseye;BLCK
sfx/cabletest2;BLCK
sfx/clangdark_bounce;CLNGDRK_BNC
sfx/compscreen;BLCK
sfx/compscreen/letters1;BLCK
sfx/compscreen/letters2;BLCK
sfx/compscreen/letters3;BLCK
sfx/compscreen/letters4;BLCK
sfx/compscreen/letters5;BLCK
sfx/computer_blocks17;BLCK
sfx/computerblocks15;BLCK
sfx/computerpurptileb;BLCK
sfx/console01;BLCK
sfx/console02;BLCK
sfx/console03;BLCK
sfx/demonltblackfinal;DMNLTBLCKFNL
sfx/demonltblackfinal_glow2;DMNLTBLCKFNL
sfx/detail;DTL
sfx/dust_puppy2;BLCK
sfx/electric2.blend;BLCK
sfx/electricgrade3;BLCK
sfx/electricslime;BLCK
sfx/electricslime_old;BLCK
sfx/electricslime2;BLCK
sfx/fan;BLCK
sfx/fan_grate;BLCK
sfx/fan3;BLCK
sfx/fan3bladeb;BLCK
sfx/fanfx;BLCK
sfx/fire_ctfblue;BLCK
sfx/fire_ctfred;BLCK
sfx/firegorre;BLCK
sfx/firegorre2;BLCK
sfx/fireswirl2;BLCK
sfx/fireswirl2blue;BLCK
sfx/firewalla;BLCK
sfx/fishy;BLCK
sfx/flame1;+0FLAME
sfx/flame1_hell;CLIP
sfx/flame2;+1FLAME
sfx/flame3;+2FLAME
sfx/flame4;+3FLAME
sfx/flame5;+4FLAME
sfx/flame6;+5FLAME
sfx/flame7;+6FLAME
sfx/flame8;+7FLAME
sfx/flameball;BLCK
sfx/g_flame1;+0FLAME
sfx/g_flame2;+1FLAME
sfx/g_flame3;+2FLAME
sfx/g_flame4;+3FLAME
sfx/g_flame5;+4FLAME
sfx/g_flame6;+5FLAME
sfx/g_flame7;+6FLAME
sfx/g_flame8;+7FLAME
sfx/g_flameball;BLCK
sfx/healthfloor;HLTHFLR
sfx/hologirl;BLCK
sfx/hologirl2;BLCK
sfx/jacobs_x;BLCK
sfx/jumppadsmall;JUMPPAD1_4
sfx/kenelectric;BLCK
sfx/largerblock3b3_pent;LRGRBLCK3B3_PNT
sfx/largerblock3b3x128_pent;LRGRBLCK3B3_PNT
sfx/launchpad_arrow;BLCK
sfx/launchpad_arrow2;BLCK
sfx/launchpad_blocks17;LNCHPD_BLCKS17
sfx/launchpad_blocks18d;LNCHPD_BLCKS18D
sfx/launchpad_diamond;LNCHPD_DMND
sfx/launchpad_dot;BLCK
sfx/launchpad_metalbridge04d;LNCHPD_MTLBRDG0
sfx/lavabeam;#LAVAHLL
sfx/logo512;BLCK
sfx/metalbridge06_bounce;MTLBRDG06_BNC
sfx/metalfloor_wall_14b;MTLFLR_WLL_14B
sfx/metalfloor_wall_14bglow2;MTLFLR_WLL_14BG
sfx/metalfloor_wall_5bglowblu;MTLFLR_WLL_5BGL
sfx/metalfloor_wall_7b;MTLFLR_WLL_7B
sfx/metalfloor_wall_9b;MTLFLR_WLL_9B
sfx/metalfloor_wall_9bglow;MTLFLR_WLL_9BGL
sfx/metaltech12final_bounce;MTLTCH12FNL_BNC
sfx/metaltechfloor02final_pent2;MTLTCHFLR02FNL
sfx/mirror;MRRR
sfx/mirrorkc;MRRRKC
sfx/omm;BLCK
sfx/pentagram_blue_exy;PNTGRM_BL_XY
sfx/pentagram_red_glow_exy;BLCK
sfx/pentagramfloor_blue3glowtest;BLCK
sfx/pentagramfloor_red_glow;BLCK
sfx/pentdirt2_@256;BLCK
sfx/pentfloor_diamond2c;BLCK
sfx/pentfloorq1metal7_99;BLCK
sfx/portal_sfx;PRTL_SFX2
sfx/portal_sfx_ring;PRTL_SFX2
sfx/portal_sfx_ring_blue1;PRTL_SFX2
sfx/portal_sfx_ring_electric;PRTL_SFX2
sfx/portal_sfx1;PRTL_SFX2
sfx/portal_sfx2;PRTL_SFX2
sfx/portal_sfx3;PRTL_SFX2
sfx/portaledge;BLCK
sfx/portalfog;PRTLFG
sfx/portalnoise;BLCK
sfx/proto_zzzt;PRT_ZZZT
sfx/proto_zzztblu;PRT_ZZZTBL
sfx/proto_zzztblu2;PRT_ZZZTBL2
sfx/proto_zzztblu3;PRT_ZZZTBL3
sfx/proto_zzztpink;PRT_ZZZTPNK
sfx/r_flame1;+0FLAME
sfx/r_flame2;+1FLAME
sfx/r_flame3;+2FLAME
sfx/r_flame4;+3FLAME
sfx/r_flame5;+4FLAME
sfx/r_flame6;+5FLAME
sfx/r_flame7;+6FLAME
sfx/r_flame8;+7FLAME
sfx/r_flameball;BLCK
sfx/shadow;BLCK
sfx/smallerblock3b3dim_pent;SMBLK3B3DM_WLL
sfx/snow;SNW
sfx/spawn_floor;BLCK
sfx/spawn_floord2c;BLCK
sfx/specular;BLCK
sfx/specular5;BLCK
sfx/surface6jumppad.blend;BLCK
sfx/tesla1;BLCK
sfx/tesla1b;BLCK
sfx/x_conduit;BLCK
sfx/x_conduit2;BLCK
sfx/x_conduit3;BLCK
sfx/xian_dm3padwall;XN_DM3PDWLL
sfx/xian_dm3padwallglow;XN_DM3PDWLL
sfx/xmetalfloor_wall_5b;BLCK
sfx/zap_scroll;BLCK
sfx/zap_scroll1000;BLCK
sfx/zap_scroll2;BLCK
sgwdw/ghost;BLCK
sgwdw/pool3d_3c;BLCK
sgwdw/pool3d_5c;BLCK
sgwdw/pool3d_6c;BLCK
sgwdw/q3a_ra3_blocks11b;BLCKS11B
sgwdw/sg_light2;BLCK
sgwdw/sg_light2-blend;BLCK
sgwdw/sgwdw_block1;BLCK
sgwdw/sgwdw_blueflag;BLCK
sgwdw/sgwdw_floor1;BLCK
sgwdw/sgwdw_floor2;BLCK
sgwdw/sgwdw_floor3;BLCK
sgwdw/sgwdw_floorPA;BLCK
sgwdw/sgwdw_redflag;BLCK
skies/bluedimclouds;SKY1
skies/dimclouds;SKYNTLDMCLDS
skies/hellsky2bright;SKY1
skies/inteldimclouds;SKYNTLDMCLDS
skies/intelredclouds;SKYNTLRDCLDS
skies/killsky_1;SKY1
skies/killsky_2;SKY2
skies/meth_clouds;SKYMTH_CLDS
skies/meth_clouds2;SKYMTH_CLDS2
skies/pj_dm10sky;SKY1
skies/pjbasesky;SKY1
skies/tim_dm3_red;SKY1
skies/tim_hell;SKY1
skies/topclouds;TPCLDS
skies/xtoxicskytim_q3dm5;SKY1
skin/chapthroat;CHPTHRT
skin/chapthroat2;CHPTHRT2
skin/chapthroatooz;CHPTHRTZ
skin/nibbles;NBBLS
skin/pjwal2k;PJWL2K
skin/skin1;SKN1
skin/skin5;SKN5
skin/skin6;SKN6
skin/skin6move;SKN6MV
skin/skin6thrust;SKN6THRST
skin/skin7_teeth;SKN7_TTH
skin/surface8;SRFC8
skin/tongue;TNG
stone/pjrock1;PJRCK1
stone/pjrock16;PJRCK16
stone/pjrock17;PJRCK17
stone/pjrock21;PJRCK21
stone/pjrock6;PJRCK6
stone/rockwall;RCKWLL
tim/flagbase;BLCK
tim/proto_zzztred;PRT_ZZZTRD
tim/rconcrete_ow;RCNCRT_W
tim/redmetalsupport2fline;RDMTLSPPRT2FLN
tim/redmetalsupport2fline_glow;RDMTLSPPRT2FLN
tim/rmetaltechgeomtrn;RMTLTCHGMTRN
tim/swirl_blue;SWRL_BL
tim/swirl_red;SWRL_RD
tim/symbol_redlt1;SYMBL_RDLT1
tim/symbol_redlt1_mask;SYMBL_RDLT1
tim/tim11c_pulse1;TM11C_PLS1
